epoch,time,train/box_loss,train/cls_loss,train/dfl_loss,metrics/precision(B),metrics/recall(B),metrics/mAP50(B),metrics/mAP50-95(B),val/box_loss,val/cls_loss,val/dfl_loss,lr/pg0,lr/pg1,lr/pg2
1,473.642,1.65228,2.29041,1.95353,0.67957,0.46758,0.52518,0.25303,1.79455,1.94612,2.08756,0.00332978,0.00332978,0.00332978
2,927.752,1.53306,1.83401,1.86806,0.62335,0.49911,0.54406,0.29316,1.62901,1.85653,1.94294,0.00659715,0.00659715,0.00659715
